threshold,collapse_time
50,144.8
75,216.10000000000002
100,289.6
125,364.20000000000005
150,439.6
