threshold,collapse_time
50,136.3
75,193.70000000000002
100,251.10000000000002
125,310.40000000000003
150,368.70000000000005
