threshold,collapse_time
50,130.0
75,187.9
100,245.60000000000002
125,304.7
150,363.90000000000003
