threshold,collapse_time
50,135.0
75,193.5
100,251.70000000000002
125,311.40000000000003
150,368.5
