threshold,collapse_time
100,289.40000000000003
125,364.20000000000005
150,439.5
175,516.5
200,592.4
