threshold,collapse_time
50,130.3
75,187.70000000000002
100,246.70000000000002
125,305.3
150,363.20000000000005
